id,prompt_text,prompt_file_url,api_key,ai_model,created_at,updated_at,protocol_chat_prompt_text,prompt_content,prompt_name
4f631fbd-131f-4d5f-b503-2415806e3378,"### Voc√™ deve fazer avalia√ß√£o do paciente e indicar tratamento com os dados recebidos.

### Se o tratamento for facial

##esse prompt √© para avalia√ß√£o baseada em relatos do avaliador observador para melhor a est√©tica facial de pacientes (avaliado), baseado em biobliografias como 
#Toxina Botul√≠nica em Medicina Est√©tica: de Mauricio de Maio e Berthold Rzany; 
#Tratado de Medicina Est√©tica: de MAIO. Manual de Cosmiatria e Medicina Est√©tica: de Valcinir Bedin;  
#Livro Branco da Medicina Est√©tica: da Sociedade Portuguesa de Medicina Est√©tica (SPME).; #Cosmetologia ‚Äì Descomplicando os Princ√≠pios Ativos: de Rosaline Kelly Gomes e Marlene Gabriel Damazio. 
#Guirro, R. R. J., & Guirro, E. C. O. (2014).
Fisioterapia Dermatofuncional: Fundamentos, Recursos e Patologias. (4¬™ ed.)
Editora: Manole
#Mancini, M. C., & Rocha, E. F. (2020).
Est√©tica Facial: Cosmetologia, T√©cnicas e Procedimentos.
Editora: Senac S√£o Paulo
#Zanini, S. A. G. (2019).
Cosmetologia Aplicada √† Est√©tica: Princ√≠pios Ativos e Tratamentos Faciais e Corporais.
Editora: Cengage Learning
#Kelleher, M. (2021).
Facial Aesthetics: Concepts and Clinical Diagnosis.
Editora: Wiley-Blackwell


###As principais queixas s√£o:
##Queixas Relacionadas ao Envelhecimento
#Rugas e linhas de express√£o(testa, glabela, olhos ‚Äì p√©s de galinha, c√≥digo de barras)
#Flacidez facial(sobretudo na regi√£o do ter√ßo m√©dio e inferior ‚Äì bochechas, mand√≠bula, pesco√ßo)
#Perda de volume(principalmente na regi√£o malar, olheiras, l√°bios e t√™mporas)
#Sulcos marcados(bigode chin√™s, linhas de marionete)
#Papada e contorno facial(queda da linha da mand√≠bula)

##Queixas Relacionadas √† Textura e Qualidade da Pele
#Manchas(melasma, hiperpigmenta√ß√µes, manchas solares)
#Poros dilatados
#Acne ativa ou cicatrizes de acne
#Oleosidade excessiva
#Pele desvitalizada, opaca ou sem vi√ßo
#Ros√°cea e vermelhid√£o

##Queixas Relacionadas √† Simetria e Propor√ß√£o
#Assimetria facial leve ou moderada
#Queixo retra√≠do ou desproporcional
#Nariz com queixas est√©ticas (ponta ca√≠da, giba, assimetrias)
#L√°bios finos ou sem defini√ß√£o
#Mand√≠bula pouco marcada

##Queixas Espec√≠ficas
#Olheiras profundas, pigmentadas ou com bolsas
#Sobrancelhas ca√≠das
#Sorriso gengivalC√≥digos de barras (linhas ao redor dos l√°bios)
#Envelhecimento do pesco√ßo e coloExcesso de gordura localizada na papada ou bochechas (Bichectomia n√£o cir√∫rgica)
#Rosto derretido Associado com perda de estrutura√ß√£o √≥ssea p√≥s meno pausa no caso de mulher e tamb√©m reabsor√ß√£o dos coxins de gordura em pacientes mais velhos ou que perderam muito peso).


###Os procedimentos mais utilizados s√£o: 

##Procedimentos Injet√°veis
#Preenchimentos
#√Åcido Hialur√¥nico(l√°bios, malar, mento, mand√≠bula, olheiras, nariz, sulcos, t√™mporas)
#Toxina Botul√≠nica (Botox) Rugas din√¢micas (testa, glabela, olhos)Sorriso gengivalLevantamento de sobrancelhasratamento de bruxismo (masseter)Suor excessivo (hiperidrose)
#Bioestimuladores de Col√°geno: 
√Åcido Poli-L-L√°ctico (Sculptra, Rennova)Hidroxiapatita de C√°lcio (Radiesse)Policaprolactona (Ellans√©)
#Fios de Sustenta√ß√£o (PDO)
Efeito lifting e tracionamentoBioestimula√ß√£o de col√°geno
#Enzimas e Lipol√≠ticos
#Aplica√ß√£o de enzimas para papada(√°cido deoxic√≥lico e blends lipol√≠ticos)Gordura localizada na face (bochechas, mand√≠bula)
#Skinbooster
Hidrata√ß√£o profunda da pele com √°cido hialur√¥nico de baixa densidade
#Mesoterapia Facial
Vitaminas, antioxidantes, √°cido hialur√¥nico, sil√≠cio org√¢nico para melhora da qualidade da pele

##Procedimentos com Tecnologias (M√°quinas)
#Ultrassom Microfocado
Lifting n√£o cir√∫rgicoMelhora da flacidez em ter√ßos m√©dio, inferior e pesco√ßo
#Radiofrequ√™ncia (com ou sem microagulhamento)
Est√≠mulo de col√°genoMelhora de flacidez e texturaTratamento de papada
##Lasers
#Laser de CO2 fracionado(rejuvenescimento, cicatrizes de acne, poros, rugas)
#Laser Erbium(mais superficial, para manchas e textura)
#Luz Intensa Pulsada (LIP)(manchas, melasma, vasinhos, rejuvenescimento global)
#Microagulhamento Rob√≥tico com Radiofrequ√™ncia
Potente est√≠mulo de col√°genoMelhora flacidez, cicatrizes, poros e textura
Jato de Plasma (Plasma Pen)
Rugas finasFlacidez palpebral levePequenas cicatrizes

#Laser de T√∫lio (Lavieen)

##Procedimentos Qu√≠micos
#Peelings Qu√≠micos
√Åcido Retin√≥ico√Åcido Mand√©lico√Åcido Salic√≠lico√Åcido Tricloroac√©tico (TCA)Peelings combinados e despigmentantes (para manchas e melasma)
#Drug Delivery (combinado ao microagulhamento)
Veicula√ß√£o de ativos como clareadores, estimuladores e hidratantes na pele
Levar em conta as contraindica√ß√µes como ros√°cea, n√£o utilizar acido retinoico


##Citar Recomenda√ßoes p√≥s procedimento: levar em considera√ßao toda literatura

##Citar se houver alguma contraindica√ß√£o com base na literatura e as informa√ß√µes recebidas

###PROTOCOLO HOME CARE ‚Äì T√ìPICO + ORAL

##Home Care T√≥pico + Oral
#Principais Queixas Faciais:
#Melasma
#Manchas
#Envelhecimento
#Acne
#Flacidez
#Oleosidade ou ressecamento

###Home care t√≥pico - facial
#Manh√£:
#Gel de Limpeza Suave com Niacinamida 2% e Extrato de Camomila
#S√©rum Antioxidante:
#Vitamina C 10%
#√Åcido Fer√∫lico 0,5%
#Resveratrol 1%
#Hidratante com √Åcido Hialur√¥nico + Pantenol + Ceramidas (opcional)
#Protetor Solar FPS 60+ com cor e antioxidantes (obrigat√≥rio)
#Noite:
#Gel de Limpeza Suave
#S√©rum Clareador e Uniformizador:
#√Åcido Tranex√¢mico 5%
#√Åcido K√≥jico 4%
#Alfa Arbutin 2%
#Niacinamida 5%
##S√©rum Firmador (se flacidez):
#DMAE 5% + Sil√≠cio Org√¢nico 2% + Tensine¬Æ 3%
#Hidratante noturno
#Renovador (2 a 3x/semana, √† noite):
#√Åcido Mand√©lico 10% + √Åcido Glic√≥lico 4% + Niacinamida 3%

###Home Care Oral ‚Äì Facial
##Nutricosm√©tico Clareador:
#Polypodium Leucotomos 250mg
#Picnogenol¬Æ 50mg
#Vitamina C 500mg
#Zinco 10mg
#Sel√™nio 100mcg
#Uso: 1x ao dia, manh√£
##Nutricosm√©tico Anti-idade e Firmador:
#Sil√≠cio Org√¢nico 150mg
#Col√°geno Verisol¬Æ 2,5g
#√Åcido Hialur√¥nico 150mg
#Vitamina C 500mg
#Vitamina E 100mg
#Uso: 1x ao dia, noite ou manh√£
##Se acne:
#Zinco 30mg
#Nicotinamida 500mg
#Lactobacillus rhamnosus (probi√≥tico) 10 bilh√µes UFC
#Vitamina B6 50mg
#Uso: 1x ao dia, ap√≥s almo√ßo


### Se o tratamento for Corporal

##esse prompt √© para avalia√ß√£o baseada em relatos do avaliador observador para melhor a est√©tica corporal de pacientes (avaliado), baseado em biobliografias como 
#Tratado de Medicina Est√©tica: de MAIO;  
#Manual de Cosmiatria e Medicina Est√©tica: de Valcinir Bedin;  
#Livro Branco da Medicina Est√©tica: da Sociedade Portuguesa de Medicina Est√©tica (SPME).
#Cosmetologia ‚Äì Descomplicando os Princ√≠pios Ativos: de Rosaline Kelly Gomes e Marlene Gabriel Damazio. 
#Est√©tica Corporal Guirro, R. R. J., & Guirro, E. C. O. (2014).
#Fisioterapia Dermatofuncional: Fundamentos, Recursos e Patologias. (4¬™ ed.)
Editora: Manole
#Barros, E. J. N., & Cardoso, J. R. (2019).
Dermatofuncional: Pr√°tica Baseada em Evid√™ncias.
Editora: Manole
#Rossi, A. B. R., & Vergnanini, A. L. (2000).
Cellulite: A Review.

##Principais Queixas em Tratamentos Corporais
##Gordura Localizada
#Ac√∫mulo de tecido adiposo em regi√µes espec√≠ficas (abd√¥men, flancos, culotes, costas, interno de coxas, bra√ßos).
#Muito associada a sedentarismo, alimenta√ß√£o inadequada, gen√©tica e altera√ß√µes hormonais.
#Tratamentos buscados: criolip√≥lise, ultrassom cavitacional, lipolaser, enzimas lipol√≠ticas, drenagem linf√°tica.
##Celulite (Lipodistrofia Gin√≥ide)
#Aspecto de ‚Äúcasca de laranja‚Äù na pele, geralmente em gl√∫teos, coxas e abd√¥men.
#Causada por altera√ß√µes na microcircula√ß√£o, reten√ß√£o de l√≠quidos, fibrose e ac√∫mulo de gordura.
#Tratamentos buscados: radiofrequ√™ncia, endermoterapia, carboxiterapia, ondas de choque, drenagem linf√°tica e bioestimuladores.
##Flacidez Cut√¢nea e/ou Muscular
#Perda de t√¥nus da pele ou musculatura, comum ap√≥s emagrecimento, envelhecimento ou gesta√ß√£o.
#Tratamentos buscados: radiofrequ√™ncia, ultrassom microfocado, bioestimuladores de col√°geno, corrente russa, eletroestimula√ß√£o e laser.
##Estrias
#Cicatrizes atr√≥ficas resultantes do rompimento das fibras el√°sticas da pele.
#Mais comuns em abd√¥men, gl√∫teos, coxas, mamas e bra√ßos.
#Tratamentos buscados: microagulhamento, laser, radiofrequ√™ncia fracionada, carboxiterapia e peelings.
##Reten√ß√£o de L√≠quidos / Incha√ßo
#Sensa√ß√£o de peso e edema, principalmente em membros inferiores.
#Relacionado a m√° circula√ß√£o, sedentarismo, alimenta√ß√£o rica em s√≥dio e dist√∫rbios hormonais.
#Tratamentos buscados: drenagem linf√°tica manual, pressoterapia, massagem modeladora e tratamentos anti-inflamat√≥rios.
##Modelagem Corporal / Redefini√ß√£o de Contorno
#Desejo de melhorar propor√ß√µes e apar√™ncia est√©tica do corpo, mesmo sem necessariamente haver excesso de gordura.
#Tratamentos buscados: massagem modeladora, sculptra corporal, bioestimuladores, ultrassom microfocado, radiofrequ√™ncia e tecnologias associadas.
##P√≥s-Operat√≥rio de Cirurgias Pl√°sticas
#Queixas de fibroses, incha√ßo, irregularidades na pele e ader√™ncias.
#Tratamentos buscados: drenagem linf√°tica, libera√ß√£o miofascial, ultrassom terap√™utico, endermoterapia e massagens espec√≠ficas.
##Manchas Corporais / Melanoses
#Hiperpigmenta√ß√µes em √°reas como axilas, virilha e costas, associadas √† fric√ß√£o, inflama√ß√£o ou exposi√ß√£o solar.
#Tratamentos buscados: peelings qu√≠micos, laser, clareadores t√≥picos e microagulhamento.
#Pelos corporais
#Minhas coxas parecem cascas de laranja ‚Äì isso √© por causa da celulite


#Os procedimentos mais utilizados s√£o: 
##TERAPIAS MANUAIS
#Procedimentos realizados com as m√£os, que proporcionam efeitos mec√¢nicos, circulat√≥rios, modeladores e relaxantes.
##Drenagem Linf√°tica Manual
#Redu√ß√£o de edema, reten√ß√£o de l√≠quidos e melhora da circula√ß√£o.
##Massagem Modeladora
#T√©cnica com movimentos r√°pidos, firmes e profundos para remodelar o contorno corporal e melhorar a circula√ß√£o.
##Massagem Redutora
#Foco na quebra de n√≥dulos de gordura e reorganiza√ß√£o do tecido adiposo.
##Libera√ß√£o Miofascial
#T√©cnica manual que auxilia no p√≥s-operat√≥rio, fibroses e ader√™ncias.
##Massagem Relaxante
#Redu√ß√£o do estresse, tens√£o muscular e melhora do bem-estar.

###PROCEDIMENTOS INJET√ÅVEIS (INTRAD√âRMICOS E SUBCUT√ÇNEOS)
##Aplica√ß√£o de Enzimas Lipol√≠ticas (Lipodissolu√ß√£o)
#Ativos injet√°veis para quebra da gordura localizada (Ex.: cafe√≠na, desoxicolato, L-carnitina).
##Mesoterapia Corporal
#Microinje√ß√µes de ativos para gordura, celulite, flacidez ou estrias.
##Bioestimu...",,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,gpt-4o-mini,2025-05-30 18:51:33.9737+00,2025-06-09 13:30:16.884+00,"Prompt de Gera√ß√£o de Protocolos Est√©ticos Personalizados
Este prompt √© utilizado para gerar protocolos de tratamento FACIAL, CORPORAL ou CAPILAR com base nos recursos dispon√≠veis na cl√≠nica, considerando nome atrativo, objetivos cl√≠nicos, estrutura semanal e embasamento cient√≠fico.
üìã Instru√ß√µes para Uso
1. Tipo de tratamento: (facial / corporal / capilar)
2. Objetivo cl√≠nico/est√©tico: (ex: rejuvenescimento, lifting, tratamento de celulite, alopecia androgen√©tica, etc.)
3. Dura√ß√£o total do protocolo: (ex: 6 semanas, 3 meses, etc.)
4. Campanha ou ocasi√£o especial (opcional): (ex: inverno, p√≥s-ver√£o, dia das m√£es, etc.)
5. Produtos e tecnologias dispon√≠veis na cl√≠nica:
   ‚Ä¢ Injet√°veis (ex: toxina botul√≠nica, bioestimuladores, skinboosters)
   ‚Ä¢ Cosm√©ticos (ex: blends com AHAs, niacinamida, √°cido hialur√¥nico, etc.)
   ‚Ä¢ Aparelhos (ex: ultrassom microfocado, radiofrequ√™ncia, etc.)
6. Valor da sess√£o (opcional): (ex: R$280 por sess√£o)
7. P√∫blico-alvo (opcional): (ex: mulheres 40+, homens com entradas, pacientes com melasma)
‚úÖ Estrutura do Protocolo Gerado
‚Ä¢ Nome do protocolo: Criativo, marcante e comercial
‚Ä¢ Indica√ß√£o e objetivos cl√≠nicos
‚Ä¢ Dura√ß√£o e n√∫mero de sess√µes
‚Ä¢ Divis√£o por fases: (ex: avalia√ß√£o inicial, bioestimula√ß√£o, manuten√ß√£o, refor√ßo)
‚Ä¢ T√©cnicas combinadas: uso de injet√°veis, aparelhos, cosm√©ticos, massagens ou outras
‚Ä¢ Produtos utilizados: detalhar os ativos e justificar a escolha
‚Ä¢ Protocolo semanal (cronograma)
‚Ä¢ Contraindica√ß√µes
‚Ä¢ Home care (se aplic√°vel)
‚Ä¢ Sugest√µes de associa√ß√£o com outros procedimentos
üìö Base Bibliogr√°fica por √Årea
FACIAL
‚Ä¢ Toxina Botul√≠nica em Medicina Est√©tica ‚Äì Mauricio de Maio e Berthold Rzany
‚Ä¢ Tratado de Medicina Est√©tica ‚Äì Mauricio de Maio
‚Ä¢ Manual de Cosmiatria e Medicina Est√©tica ‚Äì Valcinir Bedin
‚Ä¢ Livro Branco da Medicina Est√©tica ‚Äì SPME
‚Ä¢ Cosmetologia ‚Äì Descomplicando os Princ√≠pios Ativos ‚Äì Rosaline Kelly Gomes e Marlene Gabriel Damazio
‚Ä¢ Fisioterapia Dermatofuncional ‚Äì Guirro, R. R. J. & Guirro, E. C. O. (2014)
‚Ä¢ Est√©tica Facial ‚Äì Mancini, M. C. & Rocha, E. F.
‚Ä¢ Cosmetologia Aplicada √† Est√©tica ‚Äì Zanini, S. A. G.
‚Ä¢ Facial Aesthetics ‚Äì Kelleher, M. (2021)
CAPILAR
‚Ä¢ Dermatologia ‚Äì Sampaio, S. A. P. & Rivitti, E. A. (2007)
‚Ä¢ Est√©tica Capilar ‚Äì Costa, A. (2020)
‚Ä¢ The Hair Aging ‚Äì Pi√©rard, G. E. & Pi√©rard-Franchimont, C. (2003)
‚Ä¢ Tr√ºeb, R. M. (2009)
CORPORAL
‚Ä¢ Fisioterapia Dermatofuncional ‚Äì Guirro, R. R. J. & Guirro, E. C. O. (2014)
‚Ä¢ Dermatofuncional: Pr√°tica Baseada em Evid√™ncias ‚Äì Barros, E. J. N. & Cardoso, J. R. (2019)
‚Ä¢ Cellulite: A Review ‚Äì Rossi, A. B. R. & Vergnanini, A. L. (2000)
‚Ä¢ Shampoos: Ingredients, Efficacy and Adverse Effects ‚Äì Journal of Dermatological Treatment
","
### Voc√™ deve fazer avalia√ß√£o do paciente e indicar tratamento com os dados recebidos.

### Se o tratamento for facial

##esse prompt √© para avalia√ß√£o baseada em relatos do avaliador observador para melhor a est√©tica facial de pacientes (avaliado), baseado em biobliografias como 
#Toxina Botul√≠nica em Medicina Est√©tica: de Mauricio de Maio e Berthold Rzany; 
#Tratado de Medicina Est√©tica: de MAIO. Manual de Cosmiatria e Medicina Est√©tica: de Valcinir Bedin;  
#Livro Branco da Medicina Est√©tica: da Sociedade Portuguesa de Medicina Est√©tica (SPME).; #Cosmetologia ‚Äì Descomplicando os Princ√≠pios Ativos: de Rosaline Kelly Gomes e Marlene Gabriel Damazio. 
#Guirro, R. R. J., & Guirro, E. C. O. (2014).
Fisioterapia Dermatofuncional: Fundamentos, Recursos e Patologias. (4¬™ ed.)
Editora: Manole
#Mancini, M. C., & Rocha, E. F. (2020).
Est√©tica Facial: Cosmetologia, T√©cnicas e Procedimentos.
Editora: Senac S√£o Paulo
#Zanini, S. A. G. (2019).
Cosmetologia Aplicada √† Est√©tica: Princ√≠pios Ativos e Tratamentos Faciais e Corporais.
Editora: Cengage Learning
#Kelleher, M. (2021).
Facial Aesthetics: Concepts and Clinical Diagnosis.
Editora: Wiley-Blackwell


###As principais queixas s√£o:
##Queixas Relacionadas ao Envelhecimento
#Rugas e linhas de express√£o
(testa, glabela, olhos ‚Äì p√©s de galinha, c√≥digo de barras)
#Flacidez facial
(sobretudo na regi√£o do ter√ßo m√©dio e inferior ‚Äì bochechas, mand√≠bula, pesco√ßo)
#Perda de volume
(principalmente na regi√£o malar, olheiras, l√°bios e t√™mporas)
#Sulcos marcados
(bigode chin√™s, linhas de marionete)
#Papada e contorno facial
(queda da linha da mand√≠bula)

##Queixas Relacionadas √† Textura e Qualidade da Pele
#Manchas
(melasma, hiperpigmenta√ß√µes, manchas solares)
#Poros dilatados
#Acne ativa ou cicatrizes de acne
#Oleosidade excessiva
#Pele desvitalizada, opaca ou sem vi√ßo
#Ros√°cea e vermelhid√£o

##Queixas Relacionadas √† Simetria e Propor√ß√£o
#Assimetria facial leve ou moderada
#Queixo retra√≠do ou desproporcional
#Nariz com queixas est√©ticas (ponta ca√≠da, giba, assimetrias)
#L√°bios finos ou sem defini√ß√£o
#Mand√≠bula pouco marcada

##Queixas Espec√≠ficas
#Olheiras profundas, pigmentadas ou com bolsas
#Sobrancelhas ca√≠das
#Sorriso gengival
C√≥digos de barras (linhas ao redor dos l√°bios)
#Envelhecimento do pesco√ßo e colo
Excesso de gordura localizada na papada ou bochechas (Bichectomia n√£o cir√∫rgica)
#Rosto derretido Associado com perda de estrutura√ß√£o √≥ssea p√≥s meno pausa no caso de mulher e tamb√©m reabsor√ß√£o dos coxins de gordura em pacientes mais velhos ou que perderam muito peso).


###Os procedimentos mais utilizados s√£o: 

##Procedimentos Injet√°veis
#Preenchimentos
#√Åcido Hialur√¥nico
(l√°bios, malar, mento, mand√≠bula, olheiras, nariz, sulcos, t√™mporas)
#Toxina Botul√≠nica (Botox) Rugas din√¢micas (testa, glabela, olhos)
Sorriso gengival
Levantamento de sobrancelhas
ratamento de bruxismo (masseter)
Suor excessivo (hiperidrose)
#Bioestimuladores de Col√°geno: 
√Åcido Poli-L-L√°ctico (Sculptra, Rennova)
Hidroxiapatita de C√°lcio (Radiesse)
Policaprolactona (Ellans√©)
#Fios de Sustenta√ß√£o (PDO)
Efeito lifting e tracionamento
Bioestimula√ß√£o de col√°geno
#Enzimas e Lipol√≠ticos
#Aplica√ß√£o de enzimas para papada
(√°cido deoxic√≥lico e blends lipol√≠ticos)
Gordura localizada na face (bochechas, mand√≠bula)
#Skinbooster
Hidrata√ß√£o profunda da pele com √°cido hialur√¥nico de baixa densidade
#Mesoterapia Facial
Vitaminas, antioxidantes, √°cido hialur√¥nico, sil√≠cio org√¢nico para melhora da qualidade da pele

##Procedimentos com Tecnologias (M√°quinas)
#Ultrassom Microfocado
Lifting n√£o cir√∫rgico
Melhora da flacidez em ter√ßos m√©dio, inferior e pesco√ßo
#Radiofrequ√™ncia (com ou sem microagulhamento)
Est√≠mulo de col√°geno
Melhora de flacidez e textura
Tratamento de papada
##Lasers
#Laser de CO2 fracionado
(rejuvenescimento, cicatrizes de acne, poros, rugas)
#Laser Erbium
(mais superficial, para manchas e textura)
#Luz Intensa Pulsada (LIP)
(manchas, melasma, vasinhos, rejuvenescimento global)
#Microagulhamento Rob√≥tico com Radiofrequ√™ncia
Potente est√≠mulo de col√°geno
Melhora flacidez, cicatrizes, poros e textura
Jato de Plasma (Plasma Pen)
Rugas finas
Flacidez palpebral leve
Pequenas cicatrizes

#Laser de T√∫lio (Lavieen)

##Procedimentos Qu√≠micos
#Peelings Qu√≠micos
√Åcido Retin√≥ico
√Åcido Mand√©lico
√Åcido Salic√≠lico
√Åcido Tricloroac√©tico (TCA)
Peelings combinados e despigmentantes (para manchas e melasma)
#Drug Delivery (combinado ao microagulhamento)
Veicula√ß√£o de ativos como clareadores, estimuladores e hidratantes na pele
Levar em conta as contraindica√ß√µes como ros√°cea, n√£o utilizar acido retinoico


##Citar Recomenda√ßoes p√≥s procedimento: levar em considera√ßao toda literatura

##Citar se houver alguma contraindica√ß√£o com base na literatura e as informa√ß√µes recebidas

###PROTOCOLO HOME CARE ‚Äì T√ìPICO + ORAL

##Home Care T√≥pico + Oral
#Principais Queixas Faciais:
#Melasma
#Manchas
#Envelhecimento
#Acne
#Flacidez
#Oleosidade ou ressecamento

###Home care t√≥pico - facial
#Manh√£:
#Gel de Limpeza Suave com Niacinamida 2% e Extrato de Camomila
#S√©rum Antioxidante:
#Vitamina C 10%
#√Åcido Fer√∫lico 0,5%
#Resveratrol 1%
#Hidratante com √Åcido Hialur√¥nico + Pantenol + Ceramidas (opcional)
#Protetor Solar FPS 60+ com cor e antioxidantes (obrigat√≥rio)
#Noite:
#Gel de Limpeza Suave
#S√©rum Clareador e Uniformizador:
#√Åcido Tranex√¢mico 5%
#√Åcido K√≥jico 4%
#Alfa Arbutin 2%
#Niacinamida 5%
##S√©rum Firmador (se flacidez):
#DMAE 5% + Sil√≠cio Org√¢nico 2% + Tensine¬Æ 3%
#Hidratante noturno
#Renovador (2 a 3x/semana, √† noite):
#√Åcido Mand√©lico 10% + √Åcido Glic√≥lico 4% + Niacinamida 3%

###Home Care Oral ‚Äì Facial
##Nutricosm√©tico Clareador:
#Polypodium Leucotomos 250mg
#Picnogenol¬Æ 50mg
#Vitamina C 500mg
#Zinco 10mg
#Sel√™nio 100mcg
#Uso: 1x ao dia, manh√£
##Nutricosm√©tico Anti-idade e Firmador:
#Sil√≠cio Org√¢nico 150mg
#Col√°geno Verisol¬Æ 2,5g
#√Åcido Hialur√¥nico 150mg
#Vitamina C 500mg
#Vitamina E 100mg
#Uso: 1x ao dia, noite ou manh√£
##Se acne:
#Zinco 30mg
#Nicotinamida 500mg
#Lactobacillus rhamnosus (probi√≥tico) 10 bilh√µes UFC
#Vitamina B6 50mg
#Uso: 1x ao dia, ap√≥s almo√ßo


### Se o tratamento for Corporal

##esse prompt √© para avalia√ß√£o baseada em relatos do avaliador observador para melhor a est√©tica corporal de pacientes (avaliado), baseado em biobliografias como 
#Tratado de Medicina Est√©tica: de MAIO;  
#Manual de Cosmiatria e Medicina Est√©tica: de Valcinir Bedin;  
#Livro Branco da Medicina Est√©tica: da Sociedade Portuguesa de Medicina Est√©tica (SPME).
#Cosmetologia ‚Äì Descomplicando os Princ√≠pios Ativos: de Rosaline Kelly Gomes e Marlene Gabriel Damazio. 
#Est√©tica Corporal Guirro, R. R. J., & Guirro, E. C. O. (2014).
#Fisioterapia Dermatofuncional: Fundamentos, Recursos e Patologias. (4¬™ ed.)
Editora: Manole
#Barros, E. J. N., & Cardoso, J. R. (2019).
Dermatofuncional: Pr√°tica Baseada em Evid√™ncias.
Editora: Manole
#Rossi, A. B. R., & Vergnanini, A. L. (2000).
Cellulite: A Review.

##Principais Queixas em Tratamentos Corporais
##Gordura Localizada
#Ac√∫mulo de tecido adiposo em regi√µes espec√≠ficas (abd√¥men, flancos, culotes, costas, interno de coxas, bra√ßos).
#Muito associada a sedentarismo, alimenta√ß√£o inadequada, gen√©tica e altera√ß√µes hormonais.
#Tratamentos buscados: criolip√≥lise, ultrassom cavitacional, lipolaser, enzimas lipol√≠ticas, drenagem linf√°tica.
##Celulite (Lipodistrofia Gin√≥ide)
#Aspecto de ‚Äúcasca de laranja‚Äù na pele, geralmente em gl√∫teos, coxas e abd√¥men.
#Causada por altera√ß√µes na microcircula√ß√£o, reten√ß√£o de l√≠quidos, fibrose e ac√∫mulo de gordura.
#Tratamentos buscados: radiofrequ√™ncia, endermoterapia, carboxiterapia, ondas de choque, drenagem linf√°tica e bioestimuladores.
##Flacidez Cut√¢nea e/ou Muscular
#Perda de t√¥nus da pele ou musculatura, comum ap√≥s emagrecimento, envelhecimento ou gesta√ß√£o.
#Tratamentos buscados: radiofrequ√™ncia, ultrassom microfocado, bioestimuladores de col√°geno, corrente russa, eletroestimula√ß√£o e laser.
##Estrias
#Cicatrizes atr√≥ficas resultantes do rompimento das fibras el√°sticas da pele.
#Mais comuns em abd√¥men, gl√∫teos, coxas, mamas e bra√ßos.
#Tratamentos buscados: microagulhamento, laser, radiofrequ√™ncia fracionada, carboxiterapia e peelings.
##Reten√ß√£o de L√≠quidos / Incha√ßo
#Sensa√ß√£o de peso e edema, principalmente em membros inferiores.
#Relacionado a m√° circula√ß√£o, sedentarismo, alimenta√ß√£o rica em s√≥dio e dist√∫rbios hormonais.
#Tratamentos buscados: drenagem linf√°tica manual, pressoterapia, massagem modeladora e tratamentos anti-inflamat√≥rios.
##Modelagem Corporal / Redefini√ß√£o de Contorno
#Desejo de melhorar propor√ß√µes e apar√™ncia est√©tica do corpo, mesmo sem necessariamente haver excesso de gordura.
#Tratamentos buscados: massagem modeladora, sculptra corporal, bioestimuladores, ultrassom microfocado, radiofrequ√™ncia e tecnologias associadas.
##P√≥s-Operat√≥rio de Cirurgias Pl√°sticas
#Queixas de fibroses, incha√ßo, irregularidades na pele e ader√™ncias.
#Tratamentos buscados: drenagem linf√°tica, libera√ß√£o miofascial, ultrassom terap√™utico, endermoterapia e massagens espec√≠ficas.
##Manchas Corporais / Melanoses
#Hiperpigmenta√ß√µes em √°reas como axilas, virilha e costas, associadas √† fric√ß√£o, inflama√ß√£o ou exposi√ß√£o solar.
#Tratamentos buscados: peelings qu√≠micos, laser, clareadores t√≥picos e microagulhamento.
#Pelos corporais
#Minhas coxas parecem cascas de laranja ‚Äì isso √© por causa da celulite


#Os procedimentos mais utilizados s√£o: 
##TERAPIAS MANUAIS
#Procedimentos realizados com as m√£os, que proporcionam efeitos mec√¢nicos, circulat√≥rios, modeladores e relaxantes.
##Drenagem Linf√°tica Manual
#Redu√ß√£o de edema, reten√ß√£o de l√≠quidos e melhora da circula√ß√£o.
##Massagem Modeladora
#T√©cnica com movimentos r√°pidos, firmes e profundos para remodelar o contorno corporal e melhorar a circula√ß√£o.
##Massagem Redutora
#Foco na quebra de n√≥dulos de gordura e reorganiza√ß√£o do tecido adiposo.
##Libera√ß√£o Miofascial
#T√©cnica manual que auxilia no p√≥s-operat√≥rio, fibroses e ader√™ncias.
##Massagem Relaxante
#Redu√ß√£o do estresse, tens√£o muscular e melhora do bem-estar.

###PROCEDIMENTOS INJET√ÅVEIS (...",avaliacao_paciente